gaggtat	hsa-miR-875-5p
tctctaa	hsa-miR-1303
gtggttt	hsa-miR-497*
cgatggt	hsa-miR-181c*
aagaagg	hsa-miR-1248
cactgcc	hsa-miR-34a,hsa-miR-34c-5p,hsa-miR-449a,hsa-miR-449b
gtggtga	hsa-miR-197
gtcctca	hsa-miR-1224-5p
gaaccaa	hsa-miR-659
gtaatgg	hsa-miR-885-5p
acgtggg	hsa-miR-662
tgttttc	hsa-miR-570
gtcaacc	hsa-miR-380*,hsa-miR-563
ccaggtt	hsa-miR-490-3p
ctgctaa	hsa-miR-374b*
ccgaccc	hsa-miR-886-5p
ggttttt	hsa-miR-548d-3p
gcccaag	hsa-miR-635
ccaggtc	hsa-miR-631
aaagaca	hsa-miR-511
agaactt	hsa-miR-148a*
atgtaca	hsa-miR-493*
gcttgaa	hsa-miR-498
ggcagac	hsa-miR-346
ggaggcg	hsa-miR-1281
ccgcacc	hsa-miR-675
tgagatt	hsa-miR-216a
gctccgg	hsa-miR-1203
cctgcct	hsa-miR-940
ttttgct	hsa-miR-548p
aatccat	hsa-miR-1246
ccgccca	hsa-miR-1228*
gctgcag	hsa-miR-1184
aggtctc	hsa-miR-769-5p
tgacaca	hsa-miR-592
acactgg	hsa-miR-199a-5p,hsa-miR-199b-5p
tttactg	hsa-miR-545*
cgatgat	hsa-miR-136*
gctcttt	hsa-miR-1276
tcctcta	hsa-miR-877
gaagaac	hsa-miR-22*
gtactgt	hsa-miR-101
cctgtga	hsa-miR-513a-5p
ggaacca	hsa-miR-218-1*
ctggggg	hsa-miR-361-3p
ttgggag	hsa-miR-150
agcatta	hsa-miR-155
gagcgga	hsa-miR-572
cagacat	hsa-miR-654-3p
gcgccat	hsa-miR-652
tgcctcc	hsa-miR-650
accttgt	hsa-miR-624
taactct	hsa-let-7c*
gaccacc	hsa-miR-323-5p
gtgggag	hsa-miR-532-3p
tgcactg	hsa-miR-148a,hsa-miR-152,hsa-miR-148b
cctgcag	hsa-miR-1205
attacat	hsa-miR-380
tgctgct	hsa-miR-15a,hsa-miR-16,hsa-miR-15b,hsa-miR-195,hsa-miR-424,hsa-miR-497
ttgcaaa	hsa-miR-450b-5p
agactca	hsa-miR-627
cctcttt	hsa-miR-583
gacaggg	hsa-miR-339-5p
ctttggg	hsa-miR-186*
tactttt	hsa-miR-548n
aagggcg	hsa-miR-1249
cggccta	hsa-miR-1295
gaatgct	hsa-miR-1179
gctggag	hsa-miR-766
caaggga	hsa-miR-623
catttca	hsa-miR-203
agaatag	hsa-miR-26a-1*,hsa-miR-26a-2*
tgaacac	hsa-miR-124*
ttatcca	hsa-miR-1261
aatgggt	hsa-miR-660
gtgcaaa	hsa-miR-507,hsa-miR-557
ttggaga	hsa-miR-515-5p,hsa-miR-519e*
ctttata	hsa-miR-340
gcaaaaa	hsa-miR-129-5p
tcttctc	hsa-miR-1253
gcagcca	hsa-miR-647
tcacctg	hsa-miR-125a-3p
aaggatt	hsa-miR-500
atacttt	hsa-miR-548l
cacccgc	hsa-miR-886-3p
tcgttgc	hsa-miR-891a
atccccg	hsa-miR-542-5p
agacagc	hsa-miR-626
atctcca	hsa-miR-620,hsa-miR-1270
cagagac	hsa-miR-593
agcttta	hsa-miR-9*
acgacct	hsa-miR-431*
gtcgatc	hsa-miR-369-5p
acaggtt	hsa-miR-649
ttcccga	hsa-miR-425*
aagcaca	hsa-miR-218
atggcct	hsa-miR-15a*
cgctgct	hsa-miR-503
accattt	hsa-miR-522
cgctgcc	hsa-miR-885-3p
ggaccaa	hsa-miR-133a,hsa-miR-133b
tcaacag	hsa-miR-1267
caatgcc	hsa-miR-1256
aacagtg	hsa-miR-1208
gtgactt	hsa-miR-224
ggaagat	hsa-miR-141*
actgcct	hsa-miR-34b*
gtaaacc	hsa-miR-299-5p
tccaagt	hsa-miR-890
ggtgaag	hsa-miR-412
actgtga	hsa-miR-27a,hsa-miR-27b
gcaacag	hsa-miR-367*
gtcagca	hsa-miR-628-5p
gctactt	hsa-miR-562
aggtgca	hsa-miR-500*
ccctaca	hsa-miR-135b*
tcctaac	hsa-miR-1258
atccagt	hsa-miR-1243
ccccgcc	hsa-miR-663
tacgggt	hsa-miR-99a,hsa-miR-100,hsa-miR-99b
ttttgag	hsa-miR-373*,hsa-miR-616*
atccagc	hsa-miR-1287
agagatt	hsa-miR-216b
taaaccc	hsa-miR-629
agctcct	hsa-miR-28-5p,hsa-miR-708
acgtttt	hsa-miR-424*
caacctc	hsa-miR-377*
agctccc	hsa-miR-920
cagactg	hsa-miR-622
atactgt	hsa-miR-144
actgcag	hsa-miR-17*
agtgcgt	hsa-miR-521
gcatagc	hsa-miR-31*
gtttgag	hsa-miR-371-5p
ggtgcat	hsa-miR-501-3p,hsa-miR-502-3p
tctagtt	hsa-miR-708*
aacaccc	hsa-miR-609
aatgcat	hsa-miR-586
cttaccc	hsa-miR-555
ctatgca	hsa-miR-153
acagggt	hsa-miR-10a,hsa-miR-10b
taagctc	hsa-miR-27b*
actggct	hsa-miR-575
aaccact	hsa-miR-140-5p
gcctcaa	hsa-miR-1304
ctacagt	hsa-miR-1183
aaccacc	hsa-miR-876-3p
aaaggga	hsa-miR-204,hsa-miR-211
ggcgctc	hsa-miR-339-3p
gtatgat	hsa-miR-154*,hsa-miR-487a
acagggc	hsa-miR-146b-3p
aacaggg	hsa-miR-1274b
ggactcc	hsa-miR-1289
atcaggc	hsa-miR-1201
tttgtag	hsa-miR-1283
cgatccc	hsa-miR-638
ctgtaag	hsa-miR-600
cgtctta	hsa-miR-208a,hsa-miR-208b
gtgtcat	hsa-miR-425
tctacgt	hsa-miR-1277
agctgct	hsa-miR-646
atgtctt	hsa-miR-641
ggctcgg	hsa-miR-615-3p
tgtttac	hsa-miR-30a,hsa-miR-30c,hsa-miR-30d,hsa-miR-30b,hsa-miR-30e
tgcataa	hsa-miR-491-3p
cggtgtg	hsa-miR-220a
ggcagct	hsa-miR-22
gcacccc	hsa-miR-342-5p
cagcctc	hsa-miR-485-5p
caaatga	hsa-miR-579
caagctt	hsa-miR-100*
cggtacg	hsa-miR-126
ccgttca	hsa-miR-887
gaagagg	hsa-miR-877*
accaatc	hsa-miR-509-3p
acatatc	hsa-miR-190,hsa-miR-190b
caggtcc	hsa-miR-492
aacggtt	hsa-miR-451
ctgtggt	hsa-miR-140-3p
ccacccc	hsa-miR-608
ctgcagt	hsa-miR-509-5p,hsa-miR-509-3-5p
atgctgc	hsa-miR-103,hsa-miR-107
cattaac	hsa-miR-569
tggctcc	hsa-miR-505*
ctgtcac	hsa-miR-542-3p
cgcagcc	hsa-miR-604
tggactg	hsa-miR-455-3p
acatccg	hsa-miR-105*
tggtgct	hsa-miR-29a,hsa-miR-29b,hsa-miR-29c
acaattc	hsa-miR-219-2-3p
gaaccat	hsa-miR-218-2*
tgccagg	hsa-miR-221*
gaagtag	hsa-miR-138-1*
tatagga	hsa-miR-337-3p
gaaagag	hsa-miR-130b*
aataatt	hsa-miR-944
tggtgcc	hsa-miR-593*
cagcact	hsa-miR-512-3p
tgtcgcc	hsa-miR-1273
cagatga	hsa-miR-452*
acacaag	hsa-miR-581
atatgca	hsa-miR-448
cggtggg	hsa-miR-1280
ccagctg	hsa-miR-1207-3p
cagggca	hsa-miR-874
ctcctcc	hsa-miR-765
tctgatc	hsa-miR-383
cacttca	hsa-miR-573
agccgtt	hsa-miR-337-5p
taagggc	hsa-miR-938
ccgctga	hsa-miR-923
actgaaa	hsa-miR-30a*,hsa-miR-30d*,hsa-miR-30e*
gcatttg	hsa-miR-105
agtctta	hsa-miR-499-5p
catagga	hsa-miR-202*
atgaagg	hsa-miR-205
gctgatt	hsa-miR-34a*
aggtgtg	hsa-miR-1228
agaggga	hsa-miR-642
agcgctt	hsa-miR-518e
attggca	hsa-miR-192*
ggaaccc	hsa-miR-23a*,hsa-miR-23b*
cagagcc	hsa-miR-760
cagtttt	hsa-miR-548a-3p,hsa-miR-548e,hsa-miR-548f
ataccta	hsa-miR-331-5p
cccccag	hsa-miR-637
gagtcag	hsa-miR-345
cagggtc	hsa-miR-504
gtaagat	hsa-miR-200b*,hsa-miR-200a*
gagacgg	hsa-miR-340*
tacaatc	hsa-miR-508-3p
gtaagac	hsa-miR-200c*,hsa-miR-550*
cgaggaa	hsa-miR-1238
gtgagca	hsa-miR-1178
gttcctg	hsa-miR-873
ggtggtg	hsa-miR-220b
cgaatga	hsa-miR-1298
atgacgt	hsa-miR-598
ttccgtt	hsa-miR-191
gtgcaat	hsa-miR-25,hsa-miR-32,hsa-miR-92a,hsa-miR-363,hsa-miR-367,hsa-miR-92b
cgagctt	hsa-miR-99a*,hsa-miR-99b*
gtgacac	hsa-miR-597
atgcagt	hsa-miR-217
agcaata	hsa-miR-137
gacaatc	hsa-miR-219-5p
accgttt	hsa-miR-553
ctgtctg	hsa-miR-1324
ttgccaa	hsa-miR-182
tttgcac	hsa-miR-19a,hsa-miR-19b
gcaaaac	hsa-miR-19a*,hsa-miR-19b-1*,hsa-miR-19b-2*
cagcagg	hsa-miR-370
gaaattt	hsa-miR-513a-3p
gcaagga	hsa-miR-502-5p
aagaccc	hsa-miR-193a-5p
gtgccaa	hsa-miR-96,hsa-miR-1271
aagcact	hsa-miR-520f
tcagcag	hsa-miR-93*
gctcttg	hsa-miR-335
tgagcgt	hsa-miR-574-3p
ggaagag	hsa-miR-1236
ggggctc	hsa-miR-1225-3p
tgcgcac	hsa-miR-933
ctcctgg	hsa-miR-665
tgtgtga	hsa-miR-377
tgtagga	hsa-miR-155*
taattca	hsa-miR-183*
ctctaga	hsa-miR-519c-5p,hsa-miR-519b-5p,hsa-miR-523*,hsa-miR-518f*,hsa-miR-526a,hsa-miR-520c-5p,hsa-miR-518e*,hsa-miR-518d-5p,hsa-miR-522*,hsa-miR-519a*
gctgagt	hsa-miR-512-5p
acataca	hsa-miR-297
aggtggg	hsa-miR-1224-3p
atggtgc	hsa-miR-767-5p
ctggagt	hsa-miR-508-5p
gcaggct	hsa-miR-596
cggcact	hsa-miR-371-3p
gcacttt	hsa-miR-17,hsa-miR-20a,hsa-miR-93,hsa-miR-106a,hsa-miR-106b,hsa-miR-20b,hsa-miR-526b*,hsa-miR-519d
aatattg	hsa-miR-16-2*,hsa-miR-195*
gtaactg	hsa-miR-935
tgctagc	hsa-miR-621
aatgtga	hsa-miR-23a,hsa-miR-23b,hsa-miR-130a*
aaatcag	hsa-miR-29a*
ccagggg	hsa-miR-331-3p
atccatg	hsa-miR-490-5p
cctgagt	hsa-miR-510
gtgtcct	hsa-miR-1197
ggccacg	hsa-miR-1204
gatgtca	hsa-miR-489
ggactag	hsa-miR-554
ctcaggg	hsa-miR-125b,hsa-miR-125a-5p
gccctca	hsa-miR-1226*
cctccaa	hsa-miR-768-5p
agcctag	hsa-miR-645
gagcctg	hsa-miR-484
aatgcag	hsa-miR-20a*
ttcagag	hsa-miR-146a*
caagcac	hsa-miR-636
cagtatt	hsa-miR-200b,hsa-miR-200c,hsa-miR-429
gggccac	hsa-miR-663b
tcatctc	hsa-miR-143
aagccat	hsa-miR-135a,hsa-miR-135b
actatta	hsa-miR-633
ttgtata	hsa-let-7a*,hsa-let-7b*,hsa-let-7f-1*
aggagtg	hsa-miR-483-3p
gcgcttt	hsa-miR-518f,hsa-miR-518b,hsa-miR-518c,hsa-miR-518a-3p,hsa-miR-518d-3p
gaatcta	hsa-miR-376a*
ctgttga	hsa-miR-421
tccctat	hsa-miR-135a*
gttatat	hsa-miR-410
tctctcc	hsa-miR-185
cactttg	hsa-miR-520g,hsa-miR-520h
tctactg	hsa-miR-936
taaaatt	hsa-miR-590-3p
tacgccc	hsa-miR-585
cccaacc	hsa-miR-92a-1*
tgatatc	hsa-miR-144*
gataact	hsa-miR-101*
agttttg	hsa-miR-1323,hsa-miR-548o
tccaggt	hsa-miR-619
tcgatgg	hsa-miR-181a*
tcttgcc	hsa-miR-31
tttgctg	hsa-miR-545
caaggat	hsa-miR-362-5p
aatggag	hsa-miR-136
tccaggc	hsa-miR-1254
gtactgg	hsa-miR-770-5p
agggcca	hsa-miR-328
aggcgtt	hsa-miR-614
ggttctt	hsa-miR-548b-3p
ctacctc	hsa-let-7a,hsa-let-7b,hsa-let-7c,hsa-let-7d,hsa-let-7e,hsa-let-7f,hsa-miR-98,hsa-let-7g,hsa-let-7i
gtcctcg	hsa-miR-611
ttagctc	hsa-miR-610
caggcac	hsa-miR-550
ggttctc	hsa-miR-589
aggcact	hsa-miR-515-3p,hsa-miR-519e,hsa-miR-33b*
ctgtata	hsa-let-7f-2*
ggatccg	hsa-miR-127-3p
aactgta	hsa-miR-582-5p
caaccct	hsa-miR-296-3p
ctttgta	hsa-miR-524-5p,hsa-miR-520d-5p
tcaactc	hsa-miR-219-1-3p
taccttt	hsa-miR-548m
tggatca	hsa-miR-640
tcgcaaa	hsa-miR-450a
aacatac	hsa-miR-567
cagtgcg	hsa-miR-106b*
atcatga	hsa-miR-433
gtgcctt	hsa-miR-124,hsa-miR-506
cacgccc	hsa-miR-1268
agggctc	hsa-miR-1233
ggtgaga	hsa-miR-1229
aagttgc	hsa-miR-891b
aaccata	hsa-miR-584
ctcaaga	hsa-miR-526b
cccgtgt	hsa-miR-602
gcgtctc	hsa-miR-139-3p
cattgca	hsa-miR-106a*
cattcac	hsa-miR-1257
gtaccca	hsa-miR-1225-5p
tgttact	hsa-miR-802
cccaggc	hsa-miR-661
cgaattt	hsa-miR-10a*
gaccttc	hsa-miR-493
acttgtg	hsa-miR-125b-2*
agcttca	hsa-miR-127-5p
gtggcca	hsa-miR-588
ctaggaa	hsa-miR-384
ctcctcg	hsa-miR-151-5p
ctgcctc	hsa-miR-1827
taataat	hsa-miR-126*
tgctttg	hsa-miR-330-3p
cagtcta	hsa-miR-151-3p
acattcc	hsa-miR-1,hsa-miR-206,hsa-miR-613
ttgcact	hsa-miR-130a,hsa-miR-301a,hsa-miR-130b,hsa-miR-454,hsa-miR-301b
ccaactc	hsa-miR-571
agcaccg	hsa-miR-1250
ggcaaca	hsa-miR-744*
gggattt	hsa-miR-605
tgaatgt	hsa-miR-181a,hsa-miR-181b,hsa-miR-181c,hsa-miR-181d
aatactc	hsa-miR-496
accagtt	hsa-miR-582-3p
cagcccc	hsa-miR-185*
tgcacga	hsa-miR-517a,hsa-miR-517c
tcatcat	hsa-miR-1272
ggcgacg	hsa-miR-1181
atcggtc	hsa-miR-29c*
ccatcca	hsa-miR-432*
tctatga	hsa-miR-376a,hsa-miR-376b
gatatta	hsa-miR-889
aactgga	hsa-miR-145
gcatcat	hsa-miR-1322
tgtatag	hsa-miR-1284
gacacaa	hsa-miR-599
gtgtgag	hsa-miR-342-3p
aaaggat	hsa-miR-501-5p
acctcac	hsa-miR-1294
gccacac	hsa-miR-644
aaggcat	hsa-miR-532-5p
tctccca	hsa-miR-30c-2*,hsa-miR-30c-1*
atacctc	hsa-miR-202
ttactag	hsa-miR-628-3p
ggacccc	hsa-miR-615-5p
gtacagg	hsa-miR-486-5p
agcaatt	hsa-miR-302f
gctggca	hsa-miR-1202
tgtcagt	hsa-miR-888*
ctagacc	hsa-miR-601
ggtaacc	hsa-miR-409-5p
cacatct	hsa-miR-576-3p
aaacccc	hsa-miR-193b*
taagccc	hsa-miR-27a*
agtccag	hsa-miR-378,hsa-miR-422a
ttgcgca	hsa-let-7i*
gtacgat	hsa-miR-487b
cccacat	hsa-miR-299-3p
cttgtga	hsa-miR-513b
gactgtt	hsa-miR-212,hsa-miR-132
actactg	hsa-miR-199a-3p,hsa-miR-199b-3p
ttagggc	hsa-miR-18b*
agagaag	hsa-miR-942
gcagaca	hsa-miR-632
ctccaag	hsa-miR-432
agttctc	hsa-miR-146a,hsa-miR-146b-5p
tgggtcg	hsa-miR-551a,hsa-miR-551b
gtgccat	hsa-miR-183
ataacct	hsa-miR-154
cacctgt	hsa-miR-552
cctccca	hsa-miR-30b*
acaactt	hsa-miR-382
gggatgc	hsa-miR-324-5p
tctagag	hsa-miR-517*
acaagaa	hsa-miR-578
aagggat	hsa-miR-188-5p
ctgagcc	hsa-miR-24
tttccag	hsa-miR-875-3p
ccctgtg	hsa-miR-220c
gaaccgg	hsa-miR-671-3p
cctccgc	hsa-miR-658
ttccccc	hsa-miR-625
ctgataa	hsa-miR-374a*
gctagag	hsa-miR-1251
acagtca	hsa-miR-943
tgttgac	hsa-miR-505
ggtgtgt	hsa-miR-362-3p,hsa-miR-329
ctactag	hsa-miR-325
ccagaca	hsa-miR-1231
ggcttcc	hsa-miR-671-5p
cacactt	hsa-miR-595
tttatct	hsa-miR-577
tgcccag	hsa-miR-612,hsa-miR-1285
cccgtct	hsa-miR-483-5p
agaacag	hsa-miR-26b*
cacactc	hsa-miR-574-5p
acagttt	hsa-miR-548g
agttgtc	hsa-miR-549
atgctgg	hsa-miR-338-3p
ataagct	hsa-miR-21,hsa-miR-590-5p
cattgtg	hsa-miR-768-3p
tgtatta	hsa-miR-655
tgtacca	hsa-miR-150*
accaaag	hsa-miR-9
tgatcaa	hsa-miR-1826
agacacg	hsa-miR-187
gacaacc	hsa-miR-453
atgttaa	hsa-miR-302c*
ccctccc	hsa-miR-149*
caatatg	hsa-miR-1279
ggtacca	hsa-miR-1263
ccacaca	hsa-miR-147
actacct	hsa-miR-196a,hsa-miR-196b
gaaatcc	hsa-miR-876-5p
agaccct	hsa-miR-1182
ctcacta	hsa-miR-921
acacagt	hsa-miR-892a
agtagtt	hsa-miR-606
tgttctg	hsa-miR-589*
tagccag	hsa-miR-664*
catgaac	hsa-miR-1206
ttcaaca	hsa-miR-653
atttgaa	hsa-miR-607
gtttgtt	hsa-miR-495
ttgattt	hsa-miR-551b*
cccactg	hsa-miR-194*
tattata	hsa-miR-374a,hsa-miR-374b
cttgaga	hsa-miR-513c
tccgtcc	hsa-miR-184
tgcactt	hsa-miR-519c-3p,hsa-miR-519b-3p,hsa-miR-519a
ctccgcc	hsa-miR-25*
tgcagaa	hsa-miR-544
ccctgcc	hsa-miR-1207-5p
cttctgc	hsa-miR-298
aacctgc	hsa-miR-657
accgagc	hsa-miR-423-3p
cagcttt	hsa-miR-320a,hsa-miR-320b,hsa-miR-320c,hsa-miR-320d
atctagt	hsa-miR-28-3p
actacag	hsa-miR-20b*
gccaacg	hsa-miR-1306
gttgaaa	hsa-miR-1305
cagggcc	hsa-miR-1291
acactac	hsa-miR-142-3p
gcccctc	hsa-miR-423-5p
atgtttc	hsa-miR-494
gagccag	hsa-miR-149
caccagc	hsa-miR-138
cgccgag	hsa-miR-1307
ttccaga	hsa-miR-1299
gaatgtt	hsa-miR-543
ccgcaca	hsa-miR-147b
tgagcag	hsa-miR-767-3p
gcagcga	hsa-miR-639
acatgat	hsa-miR-96*
attcttt	hsa-miR-186
gacaggc	hsa-miR-214*
aactact	hsa-miR-1244
agaatac	hsa-miR-630
atattgt	hsa-miR-338-5p
gcaagac	hsa-miR-431
gtaatgt	hsa-miR-323-3p
aatacac	hsa-miR-223*
gtattat	hsa-miR-369-3p
tatcctc	hsa-miR-1185
ctatagt	hsa-miR-625*
atggcgt	hsa-miR-122*
gtttaag	hsa-miR-302a*
agcgcag	hsa-miR-191*
gtggcac	hsa-miR-1227
actgtag	hsa-miR-139-5p
tccaccc	hsa-miR-363*
agtgtgt	hsa-miR-603
aaacttt	hsa-miR-561
ttgtagc	hsa-miR-187*
gcgcgga	hsa-miR-937
caacatt	hsa-miR-409-3p
ctctgga	hsa-miR-520a-5p,hsa-miR-525-5p
tccccca	hsa-miR-1275
gccggaa	hsa-miR-1180
gcccacc	hsa-miR-654-5p,hsa-miR-541
aggaatc	hsa-miR-145*
tatctgg	hsa-miR-488*
ctccaga	hsa-miR-516b
ggggccc	hsa-miR-296-5p
agtaggc	hsa-miR-24-1*,hsa-miR-24-2*
ggacggg	hsa-miR-1247
tgctggt	hsa-miR-634
ttataca	hsa-miR-568
gtcagga	hsa-miR-378*
taggtca	hsa-miR-192,hsa-miR-215
ggtaata	hsa-miR-556-3p
aatgaat	hsa-miR-664
tcatata	hsa-miR-1259
cttctca	hsa-miR-1300
gaaatag	hsa-miR-138-2*
gtgatgt	hsa-miR-499-3p
tgtggga	hsa-miR-188-3p
cagcgag	hsa-miR-720
gccccgc	hsa-miR-744
tatggaa	hsa-miR-587
cctttca	hsa-miR-488
agtgatt	hsa-miR-34b
tctatgt	hsa-miR-376c
aaaccag	hsa-miR-29b-1*
ctaaatt	hsa-miR-32*
ggggcag	hsa-miR-324-3p
atttctc	hsa-miR-539
ctactga	hsa-miR-222*
ttccttc	hsa-miR-1252
ggtggga	hsa-miR-1260
gatcact	hsa-miR-1245
aggcgcc	hsa-miR-566
ccccacc	hsa-miR-92a-2*
ggccagt	hsa-miR-193a-3p,hsa-miR-193b
tctggac	hsa-miR-198
ctttgca	hsa-miR-518a-5p,hsa-miR-527
acccatg	hsa-miR-1308
ctcagga	hsa-miR-1200
tagagtt	hsa-miR-618
cagtgtt	hsa-miR-141,hsa-miR-200a
tctgata	hsa-miR-361-5p
aagggct	hsa-miR-129*,hsa-miR-129-3p
ccctgag	hsa-miR-1266
aaaatcc	hsa-miR-1290
tcagtgg	hsa-miR-181a-2*
tccagag	hsa-miR-518c*
gtcttcc	hsa-miR-7
cagtact	hsa-miR-1278
gatccca	hsa-miR-769-3p,hsa-miR-450b-3p
gataggg	hsa-miR-454*
atttgtt	hsa-miR-7-1*,hsa-miR-7-2*
tccccac	hsa-miR-491-5p
atgaaaa	hsa-miR-335*
ctgttac	hsa-miR-194
cgttccc	hsa-miR-1292
gctcccc	hsa-miR-939
ggcccta	hsa-miR-1296
atacaag	hsa-miR-643
caatgca	hsa-miR-33a,hsa-miR-33b
tgttgcc	hsa-miR-196a*
attagaa	hsa-miR-576-5p
tagaacc	hsa-miR-182*
acgcaca	hsa-miR-210
aatactg	hsa-miR-16-1*
cgaacaa	hsa-miR-375
gcacctt	hsa-miR-18a,hsa-miR-18b
cagtcca	hsa-miR-1269
taacccg	hsa-miR-125b-1*
aggaagc	hsa-miR-516b*,hsa-miR-516a-3p
ctgcccc	hsa-miR-486-3p
tcgtata	hsa-let-7d*
gccacgg	hsa-miR-132*
cctccct	hsa-miR-1321
gcagtcc	hsa-miR-1288
gcaaacg	hsa-miR-1282
cagaagg	hsa-miR-1237
gattttt	hsa-miR-548c-3p
ccgttga	hsa-miR-95
ccgtccc	hsa-miR-92b*
atgattc	hsa-miR-15b*
agcactt	hsa-miR-302a,hsa-miR-302b,hsa-miR-302c,hsa-miR-302d,hsa-miR-372,hsa-miR-373,hsa-miR-520e,hsa-miR-520a-3p,hsa-miR-520b,hsa-miR-520c-3p,hsa-miR-520d-3p,hsa-miR-302e
aactgac	hsa-miR-223
gtcacaa	hsa-miR-758
cactgtg	hsa-miR-128
tctgctg	hsa-miR-922
aaacatt	hsa-miR-33a*
cccagag	hsa-miR-330-5p,hsa-miR-326
cagaact	hsa-miR-148b*
gttaaag	hsa-miR-302b*,hsa-miR-302d*
gcactgg	hsa-miR-1825
tacttga	hsa-miR-26a,hsa-miR-26b,hsa-miR-1297
aatcctt	hsa-miR-541*
caatgac	hsa-miR-616
ctgtaca	hsa-let-7g*
tagtgat	hsa-miR-34c-3p
attctca	hsa-miR-580
acatcct	hsa-miR-1265
ctcatcc	hsa-miR-1255a,hsa-miR-1255b
gtcctgc	hsa-miR-1286
gccgggt	hsa-miR-941
atcctaa	hsa-miR-651
gcacact	hsa-miR-648
catggtc	hsa-miR-591
ccgtata	hsa-let-7e*
tggtgtt	hsa-miR-21*
gaaacca	hsa-miR-29b-2*
gcgcctt	hsa-miR-525-3p,hsa-miR-524-3p
cttgtat	hsa-miR-381,hsa-miR-300
acaggga	hsa-miR-1274a
tcaccca	hsa-miR-1262
accaccc	hsa-miR-1293
agtagac	hsa-miR-934
tggtact	hsa-miR-624*
cagtcac	hsa-miR-134
ccgtgcc	hsa-miR-564
atgcacg	hsa-miR-517b
caggccg	hsa-miR-1234
tttgagt	hsa-miR-888
gggagaa	hsa-miR-629*
ggaagtc	hsa-miR-617
actgcac	hsa-miR-143*
atgtagc	hsa-miR-221,hsa-miR-222
gcagctc	hsa-miR-558
gttacat	hsa-miR-379*,hsa-miR-411*
gagtgac	hsa-miR-668
aagactt	hsa-miR-1264
ataatat	hsa-miR-656
gtctact	hsa-miR-411
gggcatt	hsa-miR-365
ctcgaga	hsa-miR-516a-5p
cctgctg	hsa-miR-214
tgtatga	hsa-miR-485-3p
gctggtg	hsa-miR-1226
aagactc	hsa-miR-924
gaatctg	hsa-miR-10b*
ttacttt	hsa-miR-559,hsa-miR-548b-5p,hsa-miR-548a-5p,hsa-miR-548c-5p,hsa-miR-548d-5p,hsa-miR-548j,hsa-miR-548h,hsa-miR-548i
acactcc	hsa-miR-122
gtgtcaa	hsa-miR-514
gtctacc	hsa-miR-379
agctgca	hsa-miR-1301
ggcacat	hsa-miR-455-5p
agggcag	hsa-miR-18a*
agctcat	hsa-miR-556-5p
tgtccca	hsa-miR-1302
gtacttt	hsa-miR-548k
agccagt	hsa-miR-892b
actttat	hsa-miR-142-5p
gcgcgtt	hsa-miR-523
aaacagt	hsa-miR-452
cccatg	hsa-miR-1308
gtagac	hsa-miR-934
actatt	hsa-miR-633
tgccag	hsa-miR-221*
ccatcc	hsa-miR-432*
taagcc	hsa-miR-27a*
ttactt	hsa-miR-559,hsa-miR-548b-5p,hsa-miR-548a-5p,hsa-miR-548c-5p,hsa-miR-548d-5p,hsa-miR-548j,hsa-miR-548h,hsa-miR-548i
gtgaag	hsa-miR-412
tgtggt	hsa-miR-140-3p
accttt	hsa-miR-548m
ttagaa	hsa-miR-576-5p
aaaatt	hsa-miR-590-3p
agcaca	hsa-miR-218
agcgag	hsa-miR-720
gtactt	hsa-miR-548k
gtgaga	hsa-miR-1229
gcgcac	hsa-miR-933
gctgcc	hsa-miR-885-3p
ggccag	hsa-miR-193a-3p,hsa-miR-193b
ccacat	hsa-miR-299-3p
gtcgat	hsa-miR-369-5p
ggtggt	hsa-miR-220b
cttctg	hsa-miR-298
cacctg	hsa-miR-125a-3p,hsa-miR-552
tgtttc	hsa-miR-494
gagacg	hsa-miR-340*
gtgtcc	hsa-miR-1197
agcgga	hsa-miR-572
tctacc	hsa-miR-379
ctagac	hsa-miR-601
taaacc	hsa-miR-299-5p,hsa-miR-629
gcagct	hsa-miR-22,hsa-miR-558
agtgcg	hsa-miR-106b*,hsa-miR-521
gtgcat	hsa-miR-501-3p,hsa-miR-502-3p
gaccac	hsa-miR-323-5p
cctgcc	hsa-miR-940,hsa-miR-1207-5p
ccgcac	hsa-miR-675,hsa-miR-147b
tgattt	hsa-miR-551b*
gaaacc	hsa-miR-29b-2*
ctactt	hsa-miR-562
tattat	hsa-miR-369-3p,hsa-miR-374a,hsa-miR-374b
tttact	hsa-miR-545*
cgccga	hsa-miR-1307
tcgttg	hsa-miR-891a
agaata	hsa-miR-26a-1*,hsa-miR-26a-2*,hsa-miR-630
actgta	hsa-miR-139-5p,hsa-miR-582-5p
agcatt	hsa-miR-155
ggattt	hsa-miR-605
ccagct	hsa-miR-1207-3p
gttact	hsa-miR-802
gatccc	hsa-miR-638,hsa-miR-769-3p,hsa-miR-450b-3p
tactgt	hsa-miR-101,hsa-miR-144
cagggg	hsa-miR-331-3p
gatccg	hsa-miR-127-3p
gaatag	hsa-miR-26a-1*,hsa-miR-26a-2*
ggcgcc	hsa-miR-566
taacct	hsa-miR-154
atgtta	hsa-miR-302c*
tcatat	hsa-miR-1259
agttgc	hsa-miR-891b
atctag	hsa-miR-28-3p
gctcct	hsa-miR-28-5p,hsa-miR-708
accagt	hsa-miR-582-3p
gactgt	hsa-miR-212,hsa-miR-132
acaaga	hsa-miR-578
gaatga	hsa-miR-1298
gggccc	hsa-miR-296-5p
aattca	hsa-miR-183*
gtttgt	hsa-miR-495
ccgtgt	hsa-miR-602
gcttga	hsa-miR-498
cagttt	hsa-miR-548a-3p,hsa-miR-548e,hsa-miR-548f,hsa-miR-548g
tacttg	hsa-miR-26a,hsa-miR-26b,hsa-miR-1297
aaacag	hsa-miR-452
tgtagc	hsa-miR-187*,hsa-miR-221,hsa-miR-222
cacact	hsa-miR-574-5p,hsa-miR-595,hsa-miR-648
tgttaa	hsa-miR-302c*
catccg	hsa-miR-105*
ctccgg	hsa-miR-1203
ctccgc	hsa-miR-25*,hsa-miR-658
acatcc	hsa-miR-105*,hsa-miR-1265
gttttg	hsa-miR-1323,hsa-miR-548o
tagagt	hsa-miR-618
aatcta	hsa-miR-376a*
cactgt	hsa-miR-128
tgctag	hsa-miR-621
tttgca	hsa-miR-19a,hsa-miR-19b,hsa-miR-518a-5p,hsa-miR-527
ccgttg	hsa-miR-95
aacctg	hsa-miR-657
ctttgt	hsa-miR-524-5p,hsa-miR-520d-5p
caacct	hsa-miR-377*
aggtca	hsa-miR-192,hsa-miR-215
acactc	hsa-miR-122,hsa-miR-574-5p
caatga	hsa-miR-616
tatgga	hsa-miR-587
cgcacc	hsa-miR-675
taagat	hsa-miR-200b*,hsa-miR-200a*
ctggct	hsa-miR-575
tctgat	hsa-miR-361-5p,hsa-miR-383
atgaag	hsa-miR-205
tcaggc	hsa-miR-1201
ggaagt	hsa-miR-617
ttgtat	hsa-let-7a*,hsa-let-7b*,hsa-let-7f-1*,hsa-miR-381,hsa-miR-300
tgaatg	hsa-miR-181a,hsa-miR-181b,hsa-miR-181c,hsa-miR-181d
ggccct	hsa-miR-1296
gaagat	hsa-miR-141*
acgcac	hsa-miR-210
gctgat	hsa-miR-34a*
atactt	hsa-miR-548l
gcaggc	hsa-miR-596
gaagtc	hsa-miR-617
agccag	hsa-miR-149,hsa-miR-892b,hsa-miR-664*
actgcc	hsa-miR-34a,hsa-miR-34b*,hsa-miR-34c-5p,hsa-miR-449a,hsa-miR-449b
tgtctg	hsa-miR-1324
gtttac	hsa-miR-30a,hsa-miR-30c,hsa-miR-30d,hsa-miR-30b,hsa-miR-30e
tttgtt	hsa-miR-7-1*,hsa-miR-7-2*,hsa-miR-495
tacagg	hsa-miR-486-5p
attcac	hsa-miR-1257
cgctga	hsa-miR-923
ttctgc	hsa-miR-298
agaggg	hsa-miR-642
actacc	hsa-miR-196a,hsa-miR-196b
atgcat	hsa-miR-586
aaccac	hsa-miR-140-5p,hsa-miR-876-3p
tggaga	hsa-miR-515-5p,hsa-miR-519e*
ccaggc	hsa-miR-661,hsa-miR-1254
tgactt	hsa-miR-224
gacagg	hsa-miR-214*,hsa-miR-339-5p
ctgtat	hsa-let-7f-2*
gaagta	hsa-miR-138-1*
tcttct	hsa-miR-1253
cgaatg	hsa-miR-1298
gggaga	hsa-miR-629*
cactac	hsa-miR-142-3p
cagatg	hsa-miR-452*
taggaa	hsa-miR-384
gagctt	hsa-miR-99a*,hsa-miR-99b*
gctcgg	hsa-miR-615-3p
gaggaa	hsa-miR-1238
ggagaa	hsa-miR-629*
gaatct	hsa-miR-10b*,hsa-miR-376a*
tgtcac	hsa-miR-542-3p
cattcc	hsa-miR-1,hsa-miR-206,hsa-miR-613
aaatag	hsa-miR-138-2*
tggctc	hsa-miR-505*
gggtcg	hsa-miR-551a,hsa-miR-551b
atttgt	hsa-miR-7-1*,hsa-miR-7-2*
aactgt	hsa-miR-582-5p
acttga	hsa-miR-26a,hsa-miR-26b,hsa-miR-1297
ctctgg	hsa-miR-520a-5p,hsa-miR-525-5p
gggcat	hsa-miR-365
catcat	hsa-miR-1272,hsa-miR-1322
aggccg	hsa-miR-1234
gggctc	hsa-miR-1225-3p,hsa-miR-1233
cagctt	hsa-miR-320a,hsa-miR-320b,hsa-miR-320c,hsa-miR-320d
acatat	hsa-miR-190,hsa-miR-190b
aaatga	hsa-miR-579
agcacc	hsa-miR-1250
gcgcca	hsa-miR-652
catctc	hsa-miR-143
acattc	hsa-miR-1,hsa-miR-206,hsa-miR-613
gccgag	hsa-miR-1307
gccaca	hsa-miR-644
taccca	hsa-miR-1225-5p
tttcca	hsa-miR-875-3p
ggtact	hsa-miR-624*
gccgga	hsa-miR-1180
gtagga	hsa-miR-155*
attgca	hsa-miR-106a*
cccaca	hsa-miR-299-3p
ctccaa	hsa-miR-432,hsa-miR-768-5p
aatgga	hsa-miR-136
ggggct	hsa-miR-1225-3p
gtcttc	hsa-miR-7
gtgcgt	hsa-miR-521
acggtt	hsa-miR-451
acaggc	hsa-miR-214*
ctagag	hsa-miR-517*,hsa-miR-1251
aactac	hsa-miR-1244
caccca	hsa-miR-1262
ctagga	hsa-miR-384
tcttgc	hsa-miR-31
ccaatc	hsa-miR-509-3p
gcaata	hsa-miR-137
taatgg	hsa-miR-885-5p
aacagg	hsa-miR-1274b
gaatgc	hsa-miR-1179
agagac	hsa-miR-593
ggtgca	hsa-miR-500*,hsa-miR-501-3p,hsa-miR-502-3p
aggaag	hsa-miR-516b*,hsa-miR-516a-3p
gacaac	hsa-miR-453
atctgg	hsa-miR-488*
agactt	hsa-miR-1264
tgttac	hsa-miR-194,hsa-miR-802
aagctt	hsa-miR-100*
agagaa	hsa-miR-942
aggtcc	hsa-miR-492
gtcagc	hsa-miR-628-5p
tgtagg	hsa-miR-155*
gttaaa	hsa-miR-302b*,hsa-miR-302d*
caatgc	hsa-miR-33a,hsa-miR-33b,hsa-miR-1256
tgctgg	hsa-miR-338-3p,hsa-miR-634
ggtgtt	hsa-miR-21*
agtcac	hsa-miR-134
aggcat	hsa-miR-532-5p
tgctgc	hsa-miR-15a,hsa-miR-16,hsa-miR-103,hsa-miR-107,hsa-miR-15b,hsa-miR-195,hsa-miR-424,hsa-miR-497
ctgatc	hsa-miR-383
gaacaa	hsa-miR-375
gctggt	hsa-miR-634,hsa-miR-1226
gactca	hsa-miR-627
accgag	hsa-miR-423-3p
taccta	hsa-miR-331-5p
gcccag	hsa-miR-612,hsa-miR-1285
tcccga	hsa-miR-425*
agtact	hsa-miR-1278
ctctaa	hsa-miR-1303
aatgct	hsa-miR-1179
atcggt	hsa-miR-29c*
gtacag	hsa-miR-486-5p
tcaggg	hsa-miR-125b,hsa-miR-125a-5p
ctgata	hsa-miR-361-5p,hsa-miR-374a*
cctcaa	hsa-miR-1304
ttcctg	hsa-miR-873
gtacga	hsa-miR-487b
atagga	hsa-miR-337-3p,hsa-miR-202*
agttgt	hsa-miR-549
acaatc	hsa-miR-219-5p,hsa-miR-508-3p
cgctgc	hsa-miR-503,hsa-miR-885-3p
tgccaa	hsa-miR-96,hsa-miR-182,hsa-miR-1271
ccccag	hsa-miR-637
ctttca	hsa-miR-488
agggct	hsa-miR-129*,hsa-miR-129-3p,hsa-miR-1233
tgaaca	hsa-miR-124*
ccaacg	hsa-miR-1306
gtcctg	hsa-miR-1286
ctacag	hsa-miR-20b*,hsa-miR-1183
tccgcc	hsa-miR-25*
ataatt	hsa-miR-944
accatt	hsa-miR-522
gcattt	hsa-miR-105
ccaggg	hsa-miR-331-3p
cctttc	hsa-miR-488
tggcgt	hsa-miR-122*
atgaat	hsa-miR-664
ctcctg	hsa-miR-665
tccacc	hsa-miR-363*
cagaca	hsa-miR-632,hsa-miR-654-3p,hsa-miR-1231
attaac	hsa-miR-569
cgaaca	hsa-miR-375
ccattt	hsa-miR-522
ggcttc	hsa-miR-671-5p
aggtat	hsa-miR-875-5p
cccgcc	hsa-miR-663
taataa	hsa-miR-126*
gtaacc	hsa-miR-409-5p
gagatt	hsa-miR-216a,hsa-miR-216b
cgagga	hsa-miR-1238
gctagc	hsa-miR-621
gatatc	hsa-miR-144*
gttccc	hsa-miR-1292
ccgccc	hsa-miR-1228*
gacccc	hsa-miR-615-5p
gcctag	hsa-miR-645
tggatc	hsa-miR-640
cccacc	hsa-miR-92a-2*,hsa-miR-654-5p,hsa-miR-541
agtagg	hsa-miR-24-1*,hsa-miR-24-2*
ctgggg	hsa-miR-361-3p
agtgtt	hsa-miR-141,hsa-miR-200a
gtatag	hsa-miR-1284
agctgc	hsa-miR-646,hsa-miR-1301
ggtaac	hsa-miR-409-5p
gcccct	hsa-miR-423-5p
cgaatt	hsa-miR-10a*
catatc	hsa-miR-190,hsa-miR-190b
ctttat	hsa-miR-142-5p,hsa-miR-340
ctcact	hsa-miR-921
cacccg	hsa-miR-886-3p
cacccc	hsa-miR-342-5p,hsa-miR-608
gtatga	hsa-miR-154*,hsa-miR-485-3p,hsa-miR-487a
atttca	hsa-miR-203
taactg	hsa-miR-935
tgctaa	hsa-miR-374b*
gaggta	hsa-miR-875-5p
ccaagt	hsa-miR-890
ctatag	hsa-miR-625*
acaggg	hsa-miR-10a,hsa-miR-10b,hsa-miR-339-5p,hsa-miR-146b-3p,hsa-miR-1274a,hsa-miR-1274b
ggcagc	hsa-miR-22
ccctga	hsa-miR-1266
catata	hsa-miR-1259
ttgagt	hsa-miR-888
tcgaga	hsa-miR-516a-5p
ctacct	hsa-let-7a,hsa-let-7b,hsa-let-7c,hsa-let-7d,hsa-let-7e,hsa-let-7f,hsa-miR-98,hsa-miR-196a,hsa-let-7g,hsa-let-7i,hsa-miR-196b
gcagac	hsa-miR-346,hsa-miR-632
ctatga	hsa-miR-376a,hsa-miR-376b
tacaag	hsa-miR-643
tccgtc	hsa-miR-184
tttaag	hsa-miR-302a*
gtggtg	hsa-miR-197,hsa-miR-220b
gagcag	hsa-miR-767-3p
ctcttg	hsa-miR-335
gcactt	hsa-miR-17,hsa-miR-20a,hsa-miR-93,hsa-miR-106a,hsa-miR-106b,hsa-miR-302a,hsa-miR-302b,hsa-miR-302c,hsa-miR-302d,hsa-miR-372,hsa-miR-373,hsa-miR-20b,hsa-miR-520e,hsa-miR-519c-3p,hsa-miR-520a-3p,hsa-miR-526b*,hsa-miR-519b-3p,hsa-miR-520b,hsa-miR-520c-3p,hsa-miR-519d,hsa-miR-520d-3p,hsa-miR-519a,hsa-miR-302e
agaaca	hsa-miR-26b*
aagaca	hsa-miR-511
cgcagc	hsa-miR-604
ccagac	hsa-miR-1231
gcagaa	hsa-miR-544
gtgatg	hsa-miR-499-3p
atgacg	hsa-miR-598
agtcca	hsa-miR-378,hsa-miR-422a,hsa-miR-1269
gtctac	hsa-miR-379,hsa-miR-411
ctggtg	hsa-miR-1226
ctgagt	hsa-miR-512-5p,hsa-miR-510
cgttca	hsa-miR-887
agcttc	hsa-miR-127-5p
aggcgt	hsa-miR-614
acgccc	hsa-miR-585,hsa-miR-1268
gaacac	hsa-miR-124*
gcgctc	hsa-miR-339-3p
gactcc	hsa-miR-1289
tctact	hsa-miR-411,hsa-miR-936
cccgtc	hsa-miR-483-5p
ataacc	hsa-miR-154
cacaag	hsa-miR-581
gtcagg	hsa-miR-378*
cagcag	hsa-miR-93*,hsa-miR-370
accacc	hsa-miR-323-5p,hsa-miR-876-3p,hsa-miR-1293
tcctct	hsa-miR-877
cagcga	hsa-miR-639,hsa-miR-720
tgagcc	hsa-miR-24
aataat	hsa-miR-126*,hsa-miR-944
tttctc	hsa-miR-539
ttatct	hsa-miR-577
tacctc	hsa-let-7a,hsa-let-7b,hsa-let-7c,hsa-let-7d,hsa-let-7e,hsa-let-7f,hsa-miR-98,hsa-let-7g,hsa-let-7i,hsa-miR-202
ccgtcc	hsa-miR-184,hsa-miR-92b*
atgttt	hsa-miR-494
gctact	hsa-miR-562
atcact	hsa-miR-1245
cctcac	hsa-miR-1294
tggggg	hsa-miR-361-3p
aacccc	hsa-miR-193b*
aacccg	hsa-miR-125b-1*
gttctc	hsa-miR-146a,hsa-miR-146b-5p,hsa-miR-589
aggaat	hsa-miR-145*
ctggac	hsa-miR-198
tagacc	hsa-miR-601
ctcagg	hsa-miR-125b,hsa-miR-125a-5p,hsa-miR-1200
cactcc	hsa-miR-122
gatttt	hsa-miR-548c-3p
ggccac	hsa-miR-663b,hsa-miR-1204
ccccgc	hsa-miR-663,hsa-miR-744
atacct	hsa-miR-331-5p,hsa-miR-202
tgtccc	hsa-miR-1302
cttctc	hsa-miR-1300,hsa-miR-1253
caggcc	hsa-miR-1234
tgcact	hsa-miR-148a,hsa-miR-130a,hsa-miR-152,hsa-miR-301a,hsa-miR-130b,hsa-miR-148b,hsa-miR-519c-3p,hsa-miR-519b-3p,hsa-miR-519a,hsa-miR-454,hsa-miR-301b
gctttg	hsa-miR-330-3p
ggaacc	hsa-miR-23a*,hsa-miR-218-1*,hsa-miR-23b*
tggttt	hsa-miR-497*
tttgct	hsa-miR-545,hsa-miR-548p
ggcact	hsa-miR-371-3p,hsa-miR-515-3p,hsa-miR-519e,hsa-miR-33b*
ccttgt	hsa-miR-624
gctgca	hsa-miR-1301,hsa-miR-1184
tagtga	hsa-miR-34c-3p
gtccca	hsa-miR-1302
atggtg	hsa-miR-767-5p
tgttta	hsa-miR-30a,hsa-miR-30c,hsa-miR-30d,hsa-miR-30b,hsa-miR-30e
tcgtat	hsa-let-7d*
tatagt	hsa-miR-625*
acactt	hsa-miR-595
gagcct	hsa-miR-484
gagtga	hsa-miR-668
agacag	hsa-miR-626
cgtccc	hsa-miR-92b*
cctgca	hsa-miR-1205
caagca	hsa-miR-636
gaatac	hsa-miR-630
tcctgc	hsa-miR-1286
agtcta	hsa-miR-151-3p
ctccca	hsa-miR-30c-2*,hsa-miR-30b*,hsa-miR-30c-1*
tgcgca	hsa-let-7i*,hsa-miR-933
tcctgg	hsa-miR-665
cgacct	hsa-miR-431*
cagcct	hsa-miR-485-5p
attaga	hsa-miR-576-5p
tggagt	hsa-miR-508-5p
ttcaac	hsa-miR-653
ccgtat	hsa-let-7e*
cgatga	hsa-miR-136*
agcctg	hsa-miR-484
atcagg	hsa-miR-1201
tgagat	hsa-miR-216a
tgtaag	hsa-miR-600
aatggg	hsa-miR-660
aaccat	hsa-miR-218-2*,hsa-miR-584
taggtc	hsa-miR-192,hsa-miR-215
gtcaac	hsa-miR-380*,hsa-miR-563
acccgc	hsa-miR-886-3p
actact	hsa-miR-199a-3p,hsa-miR-199b-3p,hsa-miR-1244
aacctc	hsa-miR-377*
agagcc	hsa-miR-760
gggatg	hsa-miR-324-5p
atggaa	hsa-miR-587
attctc	hsa-miR-580
ccctgc	hsa-miR-1207-5p
ctatgc	hsa-miR-153
acttgt	hsa-miR-125b-2*
tcaaca	hsa-miR-653,hsa-miR-1267
tcagag	hsa-miR-146a*
gcccaa	hsa-miR-635
ggcgtt	hsa-miR-614
tgtcat	hsa-miR-425
agaacc	hsa-miR-182*
aagacc	hsa-miR-193a-5p
ttctca	hsa-miR-580,hsa-miR-1300
gcaaca	hsa-miR-367*,hsa-miR-744*
tcagga	hsa-miR-378*,hsa-miR-1200
caggtc	hsa-miR-492,hsa-miR-631
actttg	hsa-miR-520g,hsa-miR-520h
tctcca	hsa-miR-620,hsa-miR-1270
tccttc	hsa-miR-1252
ggacgg	hsa-miR-1247
ggtctc	hsa-miR-769-5p
gagcgg	hsa-miR-572
actgca	hsa-miR-17*,hsa-miR-143*
agcact	hsa-miR-302a,hsa-miR-302b,hsa-miR-302c,hsa-miR-302d,hsa-miR-372,hsa-miR-373,hsa-miR-512-3p,hsa-miR-520e,hsa-miR-520f,hsa-miR-520a-3p,hsa-miR-520b,hsa-miR-520c-3p,hsa-miR-520d-3p,hsa-miR-302e
catgaa	hsa-miR-1206
cgcgtt	hsa-miR-523
aagtag	hsa-miR-138-1*
gaacca	hsa-miR-218-1*,hsa-miR-218-2*,hsa-miR-659
cgttcc	hsa-miR-1292
atccca	hsa-miR-769-3p,hsa-miR-450b-3p
gcgcgt	hsa-miR-523
ccagag	hsa-miR-330-5p,hsa-miR-326,hsa-miR-518c*
agatga	hsa-miR-452*
gcaatt	hsa-miR-302f
cagtct	hsa-miR-151-3p
aatgtg	hsa-miR-23a,hsa-miR-23b,hsa-miR-130a*
ttggag	hsa-miR-515-5p,hsa-miR-519e*
cgtctc	hsa-miR-139-3p
cctcca	hsa-miR-768-5p
gtgaca	hsa-miR-597
tgccca	hsa-miR-612,hsa-miR-1285
cccgtg	hsa-miR-602
tcgatc	hsa-miR-369-5p
tgagcg	hsa-miR-574-3p
actgtt	hsa-miR-212,hsa-miR-132
ggtgct	hsa-miR-29a,hsa-miR-29b,hsa-miR-29c
aatatg	hsa-miR-1279
acctgc	hsa-miR-657
agcgca	hsa-miR-191*
gaggcg	hsa-miR-1281
atatgc	hsa-miR-448
tacaat	hsa-miR-508-3p
aggagt	hsa-miR-483-3p
tccagc	hsa-miR-1287
agagat	hsa-miR-216b
ttgatt	hsa-miR-551b*
ctggag	hsa-miR-508-5p,hsa-miR-766
aaggat	hsa-miR-362-5p,hsa-miR-500,hsa-miR-501-5p
tcctaa	hsa-miR-651,hsa-miR-1258
tttatc	hsa-miR-577
gacaat	hsa-miR-219-5p
aatgac	hsa-miR-616
cctaac	hsa-miR-1258
cgccca	hsa-miR-1228*
ttcccc	hsa-miR-625
gtgatt	hsa-miR-34b
ttcccg	hsa-miR-425*
agtaga	hsa-miR-934
aatgaa	hsa-miR-664
tttata	hsa-miR-340
attggc	hsa-miR-192*
ggatgc	hsa-miR-324-5p
agcagg	hsa-miR-370
ggcaac	hsa-miR-744*
atacaa	hsa-miR-643
caaaaa	hsa-miR-129-5p
ctgatt	hsa-miR-34a*
gttata	hsa-miR-410
gcttca	hsa-miR-127-5p
tctcta	hsa-miR-1303
gtctta	hsa-miR-208a,hsa-miR-499-5p,hsa-miR-208b
tgcaaa	hsa-miR-507,hsa-miR-557,hsa-miR-450b-5p
agacgg	hsa-miR-340*
cacatc	hsa-miR-576-3p
ctcccc	hsa-miR-939
gcacga	hsa-miR-517a,hsa-miR-517c
aaacca	hsa-miR-29b-1*,hsa-miR-29b-2*
cagtgc	hsa-miR-106b*
ttactg	hsa-miR-545*
cgatgg	hsa-miR-181c*,hsa-miR-181a*
cagtgg	hsa-miR-181a-2*
atccta	hsa-miR-651
accttc	hsa-miR-493
gtactg	hsa-miR-101,hsa-miR-770-5p
acaatt	hsa-miR-219-2-3p
cctcta	hsa-miR-877
cgcaaa	hsa-miR-450a
gcgacg	hsa-miR-1181
tataca	hsa-miR-568
atggag	hsa-miR-136
gcagcc	hsa-miR-604,hsa-miR-647
ttcaga	hsa-miR-146a*
ctactg	hsa-miR-199a-3p,hsa-miR-199b-3p,hsa-miR-222*,hsa-miR-936
tcaacc	hsa-miR-380*,hsa-miR-563
ggccta	hsa-miR-1295
gcccac	hsa-miR-654-5p,hsa-miR-541
ggagtg	hsa-miR-483-3p
gacacg	hsa-miR-187
taaccc	hsa-miR-125b-1*
tttggg	hsa-miR-186*
ctgcag	hsa-miR-17*,hsa-miR-509-5p,hsa-miR-509-3-5p,hsa-miR-1184,hsa-miR-1205
cagggt	hsa-miR-10a,hsa-miR-10b,hsa-miR-504
tacggg	hsa-miR-99a,hsa-miR-100,hsa-miR-99b
tgggag	hsa-miR-150,hsa-miR-532-3p
tctccc	hsa-miR-30c-2*,hsa-miR-30c-1*
accagc	hsa-miR-138
ctcaag	hsa-miR-526b
gacggg	hsa-miR-1247
gctccg	hsa-miR-1203
cataca	hsa-miR-297
gctccc	hsa-miR-920,hsa-miR-939
atgatt	hsa-miR-15b*
ataagc	hsa-miR-21,hsa-miR-590-5p
gaaccc	hsa-miR-23a*,hsa-miR-23b*
gtaact	hsa-miR-935
gaaccg	hsa-miR-671-3p
atcccc	hsa-miR-542-5p
ccccac	hsa-miR-92a-2*,hsa-miR-491-5p
tcatga	hsa-miR-433
gtcctc	hsa-miR-611,hsa-miR-1224-5p
tacttt	hsa-miR-559,hsa-miR-548b-5p,hsa-miR-548a-5p,hsa-miR-548c-5p,hsa-miR-548d-5p,hsa-miR-548j,hsa-miR-548k,hsa-miR-548l,hsa-miR-548n,hsa-miR-548h,hsa-miR-548i
tcacct	hsa-miR-125a-3p
gatatt	hsa-miR-889
gtggcc	hsa-miR-588
gcatag	hsa-miR-31*
ccaacc	hsa-miR-92a-1*
ctctcc	hsa-miR-185
gcacct	hsa-miR-18a,hsa-miR-18b
acacag	hsa-miR-892a
cctccg	hsa-miR-658
gttttt	hsa-miR-548d-3p
attata	hsa-miR-374a,hsa-miR-374b
aacata	hsa-miR-567
cccact	hsa-miR-194*
acttca	hsa-miR-573
aaatca	hsa-miR-29a*
ccgttt	hsa-miR-553
cctccc	hsa-miR-30b*,hsa-miR-149*,hsa-miR-1321
gcttta	hsa-miR-9*
tgataa	hsa-miR-374a*
caaccc	hsa-miR-296-3p
tgcccc	hsa-miR-486-3p
gggatt	hsa-miR-605
ctcctc	hsa-miR-151-5p,hsa-miR-765
ggaagc	hsa-miR-516b*,hsa-miR-516a-3p
ggtaat	hsa-miR-556-3p
ccctgt	hsa-miR-220c
ttgtag	hsa-miR-187*,hsa-miR-1283
cacttt	hsa-miR-17,hsa-miR-20a,hsa-miR-93,hsa-miR-106a,hsa-miR-106b,hsa-miR-20b,hsa-miR-526b*,hsa-miR-519d,hsa-miR-520g,hsa-miR-520h
tctgga	hsa-miR-198,hsa-miR-520a-5p,hsa-miR-525-5p
tgtata	hsa-let-7a*,hsa-let-7b*,hsa-let-7f-1*,hsa-let-7f-2*,hsa-miR-1284
atactg	hsa-miR-16-1*,hsa-miR-144
ttgtga	hsa-miR-513b
cagagc	hsa-miR-760
gctgga	hsa-miR-766
tcgatg	hsa-miR-181a*
tacagt	hsa-miR-1183
gtgcct	hsa-miR-124,hsa-miR-506
tctaga	hsa-miR-519c-5p,hsa-miR-519b-5p,hsa-miR-523*,hsa-miR-518f*,hsa-miR-526a,hsa-miR-520c-5p,hsa-miR-517*,hsa-miR-518e*,hsa-miR-518d-5p,hsa-miR-522*,hsa-miR-519a*
gtgtga	hsa-miR-377,hsa-miR-342-3p
ttatac	hsa-miR-568
agctca	hsa-miR-556-5p
gcagtc	hsa-miR-1288
atgcag	hsa-miR-20a*,hsa-miR-217
tccgtt	hsa-miR-191
gctaga	hsa-miR-1251
agccta	hsa-miR-645
ctgtag	hsa-miR-139-5p
tccagg	hsa-miR-619,hsa-miR-1254
tcttcc	hsa-miR-7
gaaaga	hsa-miR-130b*
aataca	hsa-miR-223*
cgtata	hsa-let-7d*,hsa-let-7e*
gcttcc	hsa-miR-671-5p
atacac	hsa-miR-223*
ctgcct	hsa-miR-34b*,hsa-miR-940,hsa-miR-1827
gccagg	hsa-miR-221*
ctgtga	hsa-miR-27a,hsa-miR-27b,hsa-miR-513a-5p
gccgtt	hsa-miR-337-5p
acaacc	hsa-miR-453
gtagtt	hsa-miR-606
ggactg	hsa-miR-455-3p
tctctc	hsa-miR-185
tcatct	hsa-miR-143
ccctac	hsa-miR-135b*
atctcc	hsa-miR-620,hsa-miR-1270
taactc	hsa-let-7c*
caaaac	hsa-miR-19a*,hsa-miR-19b-1*,hsa-miR-19b-2*
cacagt	hsa-miR-892a
cttgtg	hsa-miR-125b-2*,hsa-miR-513b
gcgctt	hsa-miR-518f,hsa-miR-518b,hsa-miR-518c,hsa-miR-518e,hsa-miR-518a-3p,hsa-miR-518d-3p
gctcat	hsa-miR-556-5p
acgttt	hsa-miR-424*
aaaccc	hsa-miR-193b*,hsa-miR-629
accact	hsa-miR-140-5p
ataact	hsa-miR-101*
atccat	hsa-miR-490-5p,hsa-miR-1246
gggcag	hsa-miR-18a*,hsa-miR-324-3p
tacctt	hsa-miR-548m
cagctg	hsa-miR-1207-3p
ctagtt	hsa-miR-708*
atcctc	hsa-miR-1185
cccagg	hsa-miR-661
tgacac	hsa-miR-592,hsa-miR-597
gttgac	hsa-miR-505
tgcaga	hsa-miR-544
atggcc	hsa-miR-15a*
acctgt	hsa-miR-552
tttgaa	hsa-miR-607
aatatt	hsa-miR-16-2*,hsa-miR-195*
caacat	hsa-miR-409-3p
acatga	hsa-miR-96*
gttctt	hsa-miR-548b-3p
gacctt	hsa-miR-493
attttt	hsa-miR-548c-3p
aacttt	hsa-miR-561
ggcaga	hsa-miR-346
acttta	hsa-miR-142-5p
tctgct	hsa-miR-922
tgccat	hsa-miR-183
ggtacg	hsa-miR-126
caactc	hsa-miR-219-1-3p,hsa-miR-571
tgtggg	hsa-miR-188-3p
ccacgg	hsa-miR-132*
gttgaa	hsa-miR-1305
ccggaa	hsa-miR-1180
tgcctc	hsa-miR-650,hsa-miR-1827
ggctcg	hsa-miR-615-3p
taagct	hsa-miR-21,hsa-miR-27b*,hsa-miR-590-5p
accttg	hsa-miR-624
ggctcc	hsa-miR-505*
ttgcgc	hsa-let-7i*
ggtggg	hsa-miR-1224-3p,hsa-miR-1260,hsa-miR-1280
atattg	hsa-miR-16-2*,hsa-miR-195*,hsa-miR-338-5p
aggatt	hsa-miR-500
tcccca	hsa-miR-491-5p
agcccc	hsa-miR-185*
cacctt	hsa-miR-18a,hsa-miR-18b
gctgct	hsa-miR-15a,hsa-miR-16,hsa-miR-15b,hsa-miR-195,hsa-miR-424,hsa-miR-497,hsa-miR-503,hsa-miR-646
cagcac	hsa-miR-512-3p
tgtttt	hsa-miR-570
ggggcc	hsa-miR-296-5p
gcagcg	hsa-miR-639
actgga	hsa-miR-145
gtacca	hsa-miR-150*,hsa-miR-1263
cttgaa	hsa-miR-498
atgtag	hsa-miR-221,hsa-miR-222
ggtttt	hsa-miR-548d-3p
cgccat	hsa-miR-652
acagtc	hsa-miR-943
tatcct	hsa-miR-1185
cgtggg	hsa-miR-662
cctgct	hsa-miR-214
atgtga	hsa-miR-23a,hsa-miR-23b,hsa-miR-130a*
caagct	hsa-miR-100*
cagact	hsa-miR-622
ctgtct	hsa-miR-1324
attgtg	hsa-miR-768-3p
taatat	hsa-miR-656
ccccca	hsa-miR-637,hsa-miR-1275
aacagt	hsa-miR-452,hsa-miR-1208
ttccgt	hsa-miR-191
tgagca	hsa-miR-767-3p,hsa-miR-1178
cagtgt	hsa-miR-141,hsa-miR-200a
taattc	hsa-miR-183*
aatcag	hsa-miR-29a*
accgtt	hsa-miR-553
ggcgct	hsa-miR-339-3p
agactg	hsa-miR-622
cgtttt	hsa-miR-424*
gccaac	hsa-miR-1306
aaatcc	hsa-miR-876-5p,hsa-miR-1290
tggcct	hsa-miR-15a*
tggtga	hsa-miR-197
tgtgtg	hsa-miR-377
catcct	hsa-miR-1265
aaacat	hsa-miR-33a*
caatat	hsa-miR-1279
acatct	hsa-miR-576-3p
ggtgtg	hsa-miR-220a,hsa-miR-362-3p,hsa-miR-329,hsa-miR-1228
tatgat	hsa-miR-154*,hsa-miR-487a
atggtc	hsa-miR-591
caggca	hsa-miR-550
tgaagg	hsa-miR-205
tcacaa	hsa-miR-758
caattc	hsa-miR-219-2-3p
cccaac	hsa-miR-92a-1*
tgtatg	hsa-miR-485-3p
aatgcc	hsa-miR-1256
cggcct	hsa-miR-1295
gctggc	hsa-miR-1202
tcctca	hsa-miR-1224-5p
attctt	hsa-miR-186
agacac	hsa-miR-187
aagcac	hsa-miR-218,hsa-miR-520f,hsa-miR-636
gatgat	hsa-miR-136*
gatgtc	hsa-miR-489
agctcc	hsa-miR-28-5p,hsa-miR-708,hsa-miR-920
cagtac	hsa-miR-1278
gcctca	hsa-miR-1304
tgggtc	hsa-miR-551a,hsa-miR-551b
ctcatc	hsa-miR-1255a,hsa-miR-1255b
aagact	hsa-miR-1264,hsa-miR-924
ttacta	hsa-miR-628-3p
tcccta	hsa-miR-135a*
agaact	hsa-miR-148a*,hsa-miR-148b*
agccat	hsa-miR-135a,hsa-miR-135b
atgtct	hsa-miR-641
tgtctt	hsa-miR-641
agggcc	hsa-miR-328,hsa-miR-1291
caggtt	hsa-miR-490-3p,hsa-miR-649
tcagtg	hsa-miR-181a-2*
catgat	hsa-miR-96*
agcctc	hsa-miR-485-5p
gcccta	hsa-miR-1296
ccctca	hsa-miR-1226*
ttgcaa	hsa-miR-450b-5p
ctgtgg	hsa-miR-140-3p
agtttt	hsa-miR-548a-3p,hsa-miR-1323,hsa-miR-548e,hsa-miR-548f,hsa-miR-548o
ggtgaa	hsa-miR-412
ccaggt	hsa-miR-490-3p,hsa-miR-619,hsa-miR-631
gtgcaa	hsa-miR-25,hsa-miR-32,hsa-miR-92a,hsa-miR-363,hsa-miR-367,hsa-miR-507,hsa-miR-92b,hsa-miR-557
tagcca	hsa-miR-664*
aagttg	hsa-miR-891b
aatcct	hsa-miR-541*
cgtctt	hsa-miR-208a,hsa-miR-208b
ctacta	hsa-miR-325
agcgct	hsa-miR-518e
aaggca	hsa-miR-532-5p
gagcca	hsa-miR-149
tttgag	hsa-miR-371-5p,hsa-miR-373*,hsa-miR-616*,hsa-miR-888
gacaca	hsa-miR-592,hsa-miR-599
ggacca	hsa-miR-133a,hsa-miR-133b
atggcg	hsa-miR-122*
taaaat	hsa-miR-590-3p
gttaca	hsa-miR-379*,hsa-miR-411*
tccccg	hsa-miR-542-5p
tccccc	hsa-miR-625,hsa-miR-1275
ttaccc	hsa-miR-555
agtgtg	hsa-miR-603
gaaatc	hsa-miR-876-5p
cagcca	hsa-miR-647
agtagt	hsa-miR-606
accaaa	hsa-miR-9
gcataa	hsa-miR-491-3p
cacaca	hsa-miR-147
cttgag	hsa-miR-513c
gtaccc	hsa-miR-1225-5p
gccccg	hsa-miR-744
tagaac	hsa-miR-182*
agaagg	hsa-miR-1237,hsa-miR-1248
aagagg	hsa-miR-877*
ttcttt	hsa-miR-186
actggc	hsa-miR-575
agagtt	hsa-miR-618
acacaa	hsa-miR-581,hsa-miR-599
gaaata	hsa-miR-138-2*
acctca	hsa-miR-1294
tgaaaa	hsa-miR-335*
tgcaat	hsa-miR-25,hsa-miR-32,hsa-miR-92a,hsa-miR-363,hsa-miR-367,hsa-miR-92b
agtgac	hsa-miR-668
acaggt	hsa-miR-649
gtatta	hsa-miR-369-3p,hsa-miR-655
agggat	hsa-miR-188-5p
agggtc	hsa-miR-504
acagtg	hsa-miR-1208
gtgagc	hsa-miR-1178
cagaac	hsa-miR-148b*
taatgt	hsa-miR-323-3p
tggtgc	hsa-miR-29a,hsa-miR-29b,hsa-miR-29c,hsa-miR-593*,hsa-miR-767-5p
agtctt	hsa-miR-499-5p
gcactg	hsa-miR-148a,hsa-miR-152,hsa-miR-148b,hsa-miR-1825
tgcata	hsa-miR-491-3p
ctcttt	hsa-miR-583,hsa-miR-1276
tgatca	hsa-miR-1826
ctatta	hsa-miR-633
tttgta	hsa-miR-524-5p,hsa-miR-520d-5p,hsa-miR-1283
gaatgt	hsa-miR-181a,hsa-miR-181b,hsa-miR-181c,hsa-miR-181d,hsa-miR-543
tccaag	hsa-miR-432,hsa-miR-890
cattgc	hsa-miR-106a*
ttaaag	hsa-miR-302b*,hsa-miR-302d*
ggatca	hsa-miR-640
gcgcag	hsa-miR-191*
tccaga	hsa-miR-518c*,hsa-miR-516b,hsa-miR-1299
ctgagc	hsa-miR-24
gagtca	hsa-miR-345
aggtct	hsa-miR-769-5p
atgggt	hsa-miR-660
aggcgc	hsa-miR-566
ccactg	hsa-miR-194*
gtaaac	hsa-miR-299-5p
ctgtaa	hsa-miR-600
gatcaa	hsa-miR-1826
tctacg	hsa-miR-1277
gtcagt	hsa-miR-888*
aagcca	hsa-miR-135a,hsa-miR-135b
ttgctg	hsa-miR-545
ggacta	hsa-miR-554
cggtgg	hsa-miR-1280
ttatcc	hsa-miR-1261
tcctcc	hsa-miR-765
gcacac	hsa-miR-648
tcctcg	hsa-miR-151-5p,hsa-miR-611
gtaaga	hsa-miR-200b*,hsa-miR-200c*,hsa-miR-200a*,hsa-miR-550*
attaca	hsa-miR-380
taaggg	hsa-miR-938
cttgta	hsa-miR-381,hsa-miR-300
gatggt	hsa-miR-181c*
cagtca	hsa-miR-134,hsa-miR-943
gcctcc	hsa-miR-650
cccaag	hsa-miR-635
tcaact	hsa-miR-219-1-3p
ttacat	hsa-miR-379*,hsa-miR-380,hsa-miR-411*
aaaatc	hsa-miR-1290
gccctc	hsa-miR-1226*
tgtaca	hsa-let-7g*,hsa-miR-493*
cccaga	hsa-miR-330-5p,hsa-miR-326
agccgt	hsa-miR-337-5p
ccacac	hsa-miR-147,hsa-miR-644
caaacg	hsa-miR-1282
catggt	hsa-miR-591
tgtgag	hsa-miR-342-3p
caccag	hsa-miR-138
ttcctt	hsa-miR-1252
tgcacg	hsa-miR-517a,hsa-miR-517b,hsa-miR-517c
ccctcc	hsa-miR-149*
ttgcac	hsa-miR-19a,hsa-miR-19b,hsa-miR-130a,hsa-miR-301a,hsa-miR-130b,hsa-miR-454,hsa-miR-301b
tacgcc	hsa-miR-585
aacatt	hsa-miR-33a*,hsa-miR-409-3p
ctgctg	hsa-miR-214,hsa-miR-922
aagaac	hsa-miR-22*
agggcg	hsa-miR-1249
ggtgag	hsa-miR-1229
gaattt	hsa-miR-10a*
atatta	hsa-miR-889
cccctc	hsa-miR-423-5p
ccaact	hsa-miR-571
caaggg	hsa-miR-623
catttc	hsa-miR-203
agcaat	hsa-miR-137,hsa-miR-302f
gttgcc	hsa-miR-196a*
ttagct	hsa-miR-610
tcagca	hsa-miR-93*,hsa-miR-628-5p
tgtatt	hsa-miR-655
acactg	hsa-miR-199a-5p,hsa-miR-199b-5p
ggaccc	hsa-miR-615-5p
gtgact	hsa-miR-224
cacgcc	hsa-miR-1268
ccgacc	hsa-miR-886-5p
ctgcac	hsa-miR-143*
tgcttt	hsa-miR-330-3p
aggtgg	hsa-miR-1224-3p
cttgcc	hsa-miR-31
aggtgc	hsa-miR-500*
gcgcct	hsa-miR-525-3p,hsa-miR-524-3p
tactag	hsa-miR-325,hsa-miR-628-3p
tctagt	hsa-miR-28-3p,hsa-miR-708*
gtgtgt	hsa-miR-362-3p,hsa-miR-329,hsa-miR-603
cgaccc	hsa-miR-886-5p
cagccc	hsa-miR-185*
ttttga	hsa-miR-373*,hsa-miR-616*
tactga	hsa-miR-222*
gactag	hsa-miR-554
cttacc	hsa-miR-555
gaccct	hsa-miR-1182
tctatg	hsa-miR-376c,hsa-miR-376a,hsa-miR-376b
ttggca	hsa-miR-192*
catagc	hsa-miR-31*
ttatat	hsa-miR-410
gttcct	hsa-miR-873
gcaagg	hsa-miR-502-5p
cattaa	hsa-miR-569
cgcttt	hsa-miR-518f,hsa-miR-518b,hsa-miR-518c,hsa-miR-518a-3p,hsa-miR-518d-3p
gtttga	hsa-miR-371-5p
aaccag	hsa-miR-29b-1*
gtggca	hsa-miR-1227
atgctg	hsa-miR-103,hsa-miR-107,hsa-miR-338-3p
cctgtg	hsa-miR-513a-5p,hsa-miR-220c
gaggga	hsa-miR-642
tcggtc	hsa-miR-29c*
atcatg	hsa-miR-433
tatctg	hsa-miR-488*
taagac	hsa-miR-200c*,hsa-miR-550*
acccat	hsa-miR-1308
ctgttg	hsa-miR-421
tgcagt	hsa-miR-217,hsa-miR-509-5p,hsa-miR-509-3-5p
acaact	hsa-miR-382
aaaggg	hsa-miR-204,hsa-miR-211
gagaag	hsa-miR-942
atactc	hsa-miR-496
ccagtt	hsa-miR-582-3p
ccctat	hsa-miR-135a*
ctggca	hsa-miR-1202
tgtcag	hsa-miR-888*
tacgat	hsa-miR-487b
caaatg	hsa-miR-579
actttt	hsa-miR-548n
gaactt	hsa-miR-148a*
aaattt	hsa-miR-513a-3p
ggaaga	hsa-miR-141*,hsa-miR-1236
gctctt	hsa-miR-335,hsa-miR-1276
caggga	hsa-miR-1274a
atcctt	hsa-miR-541*
atgcac	hsa-miR-517b
acgacc	hsa-miR-431*
cagaag	hsa-miR-1237
gttgtc	hsa-miR-549
gtaggc	hsa-miR-24-1*,hsa-miR-24-2*
ggatcc	hsa-miR-127-3p
caagac	hsa-miR-431
gaagaa	hsa-miR-22*
gtggtt	hsa-miR-497*
ctgtac	hsa-let-7g*
tagctc	hsa-miR-610
gatcac	hsa-miR-1245
gcgcgg	hsa-miR-937
agaccc	hsa-miR-193a-5p,hsa-miR-1182
aagccc	hsa-miR-27a*
cagaga	hsa-miR-593
cctctt	hsa-miR-583
ggactc	hsa-miR-1289
ggcgac	hsa-miR-1181
caactt	hsa-miR-382
tgcctt	hsa-miR-124,hsa-miR-506
gcgtct	hsa-miR-139-3p
aacacc	hsa-miR-609
cagtcc	hsa-miR-1269,hsa-miR-1288
tggcac	hsa-miR-1227
cgatcc	hsa-miR-638
agtatt	hsa-miR-200b,hsa-miR-200c,hsa-miR-429
caagaa	hsa-miR-578
agcttt	hsa-miR-9*,hsa-miR-320a,hsa-miR-320b,hsa-miR-320c,hsa-miR-320d
tattgt	hsa-miR-338-5p
ggtgcc	hsa-miR-593*
acatac	hsa-miR-567,hsa-miR-297
ccgtct	hsa-miR-483-5p
actgtg	hsa-miR-27a,hsa-miR-27b,hsa-miR-128
cagctc	hsa-miR-558
tggact	hsa-miR-455-3p
tgtacc	hsa-miR-150*
acagtt	hsa-miR-548g
ttgcca	hsa-miR-182
aaccct	hsa-miR-296-3p
aactga	hsa-miR-223
ggtacc	hsa-miR-1263
tggtgt	hsa-miR-21*
cgcctt	hsa-miR-525-3p,hsa-miR-524-3p
cggcac	hsa-miR-371-3p
atttga	hsa-miR-607
gtgcca	hsa-miR-96,hsa-miR-183,hsa-miR-1271
cgtgcc	hsa-miR-564
tatgca	hsa-miR-153,hsa-miR-448
cattgt	hsa-miR-768-3p
gtcaca	hsa-miR-758
aaggga	hsa-miR-204,hsa-miR-211,hsa-miR-188-5p,hsa-miR-623
tgtcct	hsa-miR-1197
ctacgt	hsa-miR-1277
actgac	hsa-miR-223
aatctg	hsa-miR-10b*
aaagac	hsa-miR-511
cgagct	hsa-miR-99a*,hsa-miR-99b*
caggct	hsa-miR-596
aagaag	hsa-miR-1248
tgttga	hsa-miR-505,hsa-miR-421
gcaaaa	hsa-miR-19a*,hsa-miR-19b-1*,hsa-miR-19b-2*,hsa-miR-129-5p
tgatat	hsa-miR-144*
atgtac	hsa-miR-493*
catttg	hsa-miR-105
aaactt	hsa-miR-561
cggtgt	hsa-miR-220a
tgattc	hsa-miR-15b*
agtcag	hsa-miR-345
ctcgag	hsa-miR-516a-5p
tcatca	hsa-miR-1272
ggggca	hsa-miR-324-3p
actgaa	hsa-miR-30a*,hsa-miR-30d*,hsa-miR-30e*
ctaaat	hsa-miR-32*
tatagg	hsa-miR-337-3p
gcatca	hsa-miR-1322
ttttgc	hsa-miR-548p
tcacta	hsa-miR-921
tactgg	hsa-miR-770-5p
agacat	hsa-miR-654-3p
gtaata	hsa-miR-556-3p
tggtac	hsa-miR-624*
ttgaaa	hsa-miR-1305
gatagg	hsa-miR-454*
agactc	hsa-miR-627,hsa-miR-924
cgttga	hsa-miR-95
aagctc	hsa-miR-27b*
cagtat	hsa-miR-200b,hsa-miR-200c,hsa-miR-429
ccgtgc	hsa-miR-564
tcgcaa	hsa-miR-450a
tagggc	hsa-miR-18b*
aatact	hsa-miR-16-1*,hsa-miR-496
aggcac	hsa-miR-515-3p,hsa-miR-519e,hsa-miR-550,hsa-miR-33b*
ggaggc	hsa-miR-1281
aaccgg	hsa-miR-671-3p
atttct	hsa-miR-539
aactct	hsa-let-7c*
cactgg	hsa-miR-199a-5p,hsa-miR-199b-5p,hsa-miR-1825
catagg	hsa-miR-202*
cactgc	hsa-miR-34a,hsa-miR-34c-5p,hsa-miR-449a,hsa-miR-449b
cggtac	hsa-miR-126
ctttgg	hsa-miR-186*
gtgtca	hsa-miR-425,hsa-miR-514
ctttgc	hsa-miR-518a-5p,hsa-miR-527
ctgaaa	hsa-miR-30a*,hsa-miR-30d*,hsa-miR-30e*
tgtcgc	hsa-miR-1273
ttccag	hsa-miR-875-3p,hsa-miR-1299
cagggc	hsa-miR-146b-3p,hsa-miR-874,hsa-miR-1291
ctatgt	hsa-miR-376c
gaccaa	hsa-miR-133a,hsa-miR-133b
tatcca	hsa-miR-1261
aggtgt	hsa-miR-1228
gaagag	hsa-miR-877*,hsa-miR-1236
tgttct	hsa-miR-589*
gctgag	hsa-miR-512-5p
ctgtca	hsa-miR-542-3p
gccacg	hsa-miR-132*,hsa-miR-1204
gtccag	hsa-miR-378,hsa-miR-422a
tcaccc	hsa-miR-1262
ccgggt	hsa-miR-941
ttaggg	hsa-miR-18b*
ggttct	hsa-miR-548b-3p,hsa-miR-589
tgacgt	hsa-miR-598
aatgca	hsa-miR-20a*,hsa-miR-33a,hsa-miR-586,hsa-miR-33b
accaat	hsa-miR-509-3p
gcaccg	hsa-miR-1250
gccggg	hsa-miR-941
ctgcta	hsa-miR-374b*
ccgttc	hsa-miR-887
gttttc	hsa-miR-570
tggcca	hsa-miR-588
cctgag	hsa-miR-510,hsa-miR-1266
cctaca	hsa-miR-135b*
gagcgt	hsa-miR-574-3p
gcaccc	hsa-miR-342-5p
taaatt	hsa-miR-32*
ctccag	hsa-miR-516b
acgtgg	hsa-miR-662
agggca	hsa-miR-18a*,hsa-miR-874
caagga	hsa-miR-362-5p,hsa-miR-502-5p
gggcca	hsa-miR-328,hsa-miR-663b
gaaatt	hsa-miR-513a-3p
atgaac	hsa-miR-1206
accata	hsa-miR-584
gcatta	hsa-miR-155
ggcaca	hsa-miR-455-5p
catcca	hsa-miR-432*
aatgtt	hsa-miR-543
ataata	hsa-miR-656
cacttc	hsa-miR-573
ccaccc	hsa-miR-363*,hsa-miR-608,hsa-miR-1293
gtcgcc	hsa-miR-1273
aactgg	hsa-miR-145
acacta	hsa-miR-142-3p
ggaatc	hsa-miR-145*
gataac	hsa-miR-101*
atgaaa	hsa-miR-335*
cgcaca	hsa-miR-210,hsa-miR-147b
aagggc	hsa-miR-129*,hsa-miR-129-3p,hsa-miR-938,hsa-miR-1249
agtgat	hsa-miR-34b,hsa-miR-34c-3p
cgcgga	hsa-miR-937
gacagc	hsa-miR-626
ggcatt	hsa-miR-365
tccagt	hsa-miR-1243
ccgagc	hsa-miR-423-3p
tgttgc	hsa-miR-196a*
gcaaac	hsa-miR-1282
tcaaga	hsa-miR-526b
gtttaa	hsa-miR-302a*
atgtca	hsa-miR-489
acgggt	hsa-miR-99a,hsa-miR-100,hsa-miR-99b
gccagt	hsa-miR-193a-3p,hsa-miR-193b,hsa-miR-892b
ctgccc	hsa-miR-486-3p
tcatcc	hsa-miR-1255a,hsa-miR-1255b
aaccaa	hsa-miR-659
gcaaga	hsa-miR-431
actaca	hsa-miR-20b*
tccatg	hsa-miR-490-5p
tgatgt	hsa-miR-499-3p
aaagag	hsa-miR-130b*
gaacag	hsa-miR-26b*
atccag	hsa-miR-1287,hsa-miR-1243
agttct	hsa-miR-146a,hsa-miR-146b-5p
ttggga	hsa-miR-150
ccaaag	hsa-miR-9
aacggt	hsa-miR-451
ctgtta	hsa-miR-194
aatcca	hsa-miR-1246
gtaatg	hsa-miR-323-3p,hsa-miR-885-5p
ctctag	hsa-miR-519c-5p,hsa-miR-519b-5p,hsa-miR-523*,hsa-miR-518f*,hsa-miR-526a,hsa-miR-520c-5p,hsa-miR-518e*,hsa-miR-518d-5p,hsa-miR-522*,hsa-miR-519a*
aaagga	hsa-miR-501-5p
gcacat	hsa-miR-455-5p
cgttgc	hsa-miR-891a
tgtcaa	hsa-miR-514
gtggga	hsa-miR-188-3p,hsa-miR-532-3p,hsa-miR-1260
acaccc	hsa-miR-609
ctccct	hsa-miR-1321
ttgaga	hsa-miR-513c
cattca	hsa-miR-1257
ccgctg	hsa-miR-923
ataggg	hsa-miR-454*
gttctg	hsa-miR-589*
caacag	hsa-miR-367*,hsa-miR-1267
